{"train_loss": [0.6421263255178928, 0.6217958042398095, 0.6101101469248533, 0.5982344304211438, 0.5781185324303806, 0.5641682394780219, 0.5556291546672583, 0.5440996256656945, 0.537220673635602, 0.5222076955251396, 0.5141159342601895, 0.5152048715390265, 0.51205247733742, 0.5056099491193891, 0.5028283335268497, 0.5023737037554383, 0.49690237594768405, 0.4996606861241162, 0.49371014162898064, 0.4870682512409985, 0.4778185114264488, 0.4803592967800796, 0.4872468966059387, 0.4658311172388494, 0.47970792138949037, 0.4727446190081537, 0.47578211734071374, 0.47566445637494326, 0.47903872141614556, 0.4647322497330606], "val_loss": [0.5644814912919645, 0.4994205987011945, 0.555149828946149, 0.4772417688811267, 0.47755312146963896, 0.4817113854266979, 0.46965956025653416, 0.45502019038906805, 0.45609095803013555, 0.502825958861245, 0.4718103861367261, 0.48331408478595594, 0.46720083002690915, 0.46902550591362846], "val_acc": [0.7263768115942029, 0.7727536231884058, 0.7536231884057971, 0.7872463768115942, 0.7860869565217391, 0.783768115942029, 0.7918840579710145, 0.8028985507246377, 0.8011594202898551, 0.7791304347826087, 0.7918840579710145, 0.784927536231884, 0.792463768115942, 0.7907246376811594]}