{"kaiming": {"train_loss": [0.6301266453159389, 0.6099597100001662, 0.6067611361617473, 0.6006336072042807, 0.5914894033278992, 0.5807155361816064, 0.5699772327693541, 0.5539046214587653, 0.5431156899057218, 0.5307771701421311, 0.5219759505186508, 0.5096842001623182, 0.513861112407784, 0.5077426462475934, 0.5015162024925004, 0.49125265318955946, 0.49388371230061373, 0.4994657086347466, 0.4971029220232323, 0.4905885622572543, 0.48968431798379813, 0.4871548078398206, 0.4801694054656954, 0.4893014275315982, 0.48896110858490216, 0.48835086666825994, 0.48119282967119076, 0.4858234604792808, 0.47875592023579044, 0.48188448953094765], "val_loss": [0.6100909534622642, 0.6079823602648342, 0.6027543211684507, 0.5999747321886175, 0.5913223571637097, 0.5831242133589352, 0.5657139087424559, 0.5567219169700847, 0.5407165323986727, 0.5312889428699717, 0.532401417984682, 0.5171843030873466, 0.5160954927696901, 0.5173518236945657, 0.519309029859655, 0.5219024893115548, 0.49323879269992604, 0.5177649259567261, 0.5064458549022675, 0.5026715397834778, 0.5025429164662081, 0.5080448581891901, 0.5147451846038594, 0.5099169594400069, 0.5076581011800205, 0.506713297437219, 0.5080231620984919, 0.5058255370925454, 0.5070030654177946, 0.504683652344872], "val_acc": [0.6912751677852349, 0.6912751677852349, 0.6912751677852349, 0.6912751677852349, 0.6912751677852349, 0.6912751677852349, 0.6922339405560882, 0.6922339405560882, 0.6989453499520614, 0.7123681687440077, 0.716203259827421, 0.7277085330776606, 0.7315436241610739, 0.7315436241610739, 0.7325023969319271, 0.7325023969319271, 0.7497603068072867, 0.7392138063279002, 0.7440076701821668, 0.7459252157238735, 0.7468839884947267, 0.7459252157238735, 0.7459252157238735, 0.7468839884947267, 0.74784276126558, 0.74784276126558, 0.74784276126558, 0.7488015340364333, 0.7488015340364333, 0.74784276126558]},"svd":{"train_loss": [0.6400843520662678, 0.6096066917056469, 0.6028688307573546, 0.5846679817829559, 0.5495605891320243, 0.5160428632551165, 0.4905716563338664, 0.4791723996845644, 0.4776295303408779, 0.464134151588625, 0.4602560641160652, 0.45533257700614077, 0.4601301515280311, 0.44833537558121467, 0.44595606803004423, 0.44411575616295657, 0.44044031136071504, 0.4435198458273019, 0.4369892933920248, 0.4287285199805872, 0.4318779058643241, 0.430242264003896, 0.43260608991580224, 0.43410186447314364, 0.43347756319971226, 0.427254216217283, 0.42985709901176283, 0.4228181387506314, 0.42688669609044916, 0.42892349277859304], "val_loss": [0.6117412518052494, 0.6075473129749298, 0.5981415159562055, 0.5686227749375736, 0.5401562347131617, 0.5481580022503348, 0.5283244199612561, 0.528794164166731, 0.5228585022337296, 0.510488666155759, 0.49442341222482566, 0.49337398830582113, 0.5241226536386153, 0.5097721727455363, 0.4960320556865019, 0.4948854411349577, 0.5007165039286894, 0.4946580634397619, 0.5006376154282514, 0.517612627323936, 0.5047523466979756, 0.5038062491837669, 0.49784471532877755, 0.4891469075399287, 0.5016976524801815, 0.48800619560129505, 0.5014204312773312, 0.49606360582744374, 0.4988406300544739, 0.4982701873078066], "val_acc": [0.6912751677852349, 0.6912751677852349, 0.6912751677852349, 0.6912751677852349, 0.7085330776605945, 0.7229146692233941, 0.7411313518696069, 0.7535953978907, 0.7564717162032598, 0.7593480345158198, 0.7698945349952061, 0.7708533077660594, 0.7641418983700863, 0.7708533077660594, 0.7794822627037392, 0.7804410354745925, 0.7813998082454459, 0.7813998082454459, 0.7804410354745925, 0.775647171620326, 0.7804410354745925, 0.7842761265580057, 0.7842761265580057, 0.7861936720997124, 0.7833173537871524, 0.7861936720997124, 0.7833173537871524, 0.785234899328859, 0.7842761265580057, 0.7842761265580057]}}