{"kaiming":{"train_loss": [0.6164936527832231, 0.5626022065086151, 0.4874391977244349, 0.4636424901102906, 0.44426814972687123, 0.4321225227148675, 0.42296570244787346, 0.4126954244922346, 0.4122340321096022, 0.39738467658188803, 0.396140559340146, 0.3951846143202995, 0.3883275870344977, 0.38974322567679986, 0.385177489425709, 0.38233981845872617, 0.3762968617366321, 0.3770563639144399, 0.3684679598950628, 0.36962811254076106, 0.3695512946639488, 0.36749349195343345, 0.36088314430037544, 0.3647213600464721, 0.3643935485117471, 0.3595389372933267, 0.3603520390035501, 0.3528858806326318, 0.35446408015689745, 0.35344206981027304], "val_loss": [0.5197673837343851, 0.469969829826644, 0.430155539151394, 0.46677179724881146, 0.44676180003267346, 0.48027712964650354, 0.48986835529406864, 0.45566367583744455, 0.45567712887670053, 0.4549153939341054, 0.4467794561024868, 0.47186458765557315, 0.4704043973575939, 0.46567375687035645], "val_acc": [0.7727708533077661, 0.800575263662512, 0.8120805369127517, 0.8120805369127517, 0.8130393096836049, 0.8101629913710451, 0.8101629913710451, 0.8159156279961649, 0.8159156279961649, 0.8159156279961649, 0.8168744007670182, 0.8159156279961649, 0.8159156279961649, 0.8159156279961649]}, "svd":{"train_loss": [0.6139397971443276, 0.5115494875987964, 0.44626025816620285, 0.41731154045729496, 0.39729058987169125, 0.38064605759373354, 0.3706218122657555, 0.35519233929799565, 0.3424749525625314, 0.33484731525627537, 0.32936800257372323, 0.3156639969170983, 0.30878613947598793, 0.3037204926194095, 0.30076153245546033, 0.2916034054733924, 0.29583935550789336, 0.29147912036460727, 0.2821202101324921, 0.27528369290503996, 0.27316679224483115, 0.27010467039671404, 0.2710062885629152, 0.26110354851264117, 0.25996705189124863, 0.2549184953599279, 0.2536466017838067, 0.2513207502162723, 0.2493243863833929, 0.24786179231952377], "val_loss": [0.487811210029053, 0.45624157876679394, 0.4930686801671982, 0.43952366213003796, 0.4851368171247569, 0.48314178983370465, 0.5260052870620381, 0.4879912948518088, 0.49798809398304333, 0.4833655341556578, 0.47528557456804044, 0.4710074791854078, 0.4873892233678789, 0.5004720940734401], "val_acc": [0.7957813998082455, 0.8149568552253116, 0.8101629913710451, 0.8274209012464045, 0.8139980824544583, 0.8187919463087249, 0.8111217641418984, 0.8178331735378715, 0.8216682646212847, 0.8216682646212847, 0.8264621284755513, 0.8216682646212847, 0.8216682646212847, 0.8197507190795782]}}