{"kaiming":{"train_loss": [0.6314770663852123, 0.5888981127472066, 0.5022910530887433, 0.469521638172776, 0.44926986231732724, 0.44029152793670767, 0.429847826931014, 0.41988121862731764, 0.41051945646307364, 0.40728461675679506, 0.40280286411740884, 0.39697122940821433, 0.39117331547078804, 0.39136404388431295, 0.38822198114288387, 0.38153473877195104, 0.37390952523964555, 0.3800762654907668, 0.3769822803451054, 0.3743568575426714, 0.3743544572324895, 0.37379473647964534, 0.3680429013807382, 0.36933626868386765, 0.36821445967279265, 0.36027974168311305, 0.3652492285664402, 0.3626532496801063, 0.3620556548460206, 0.36022049110772003], "val_loss": [0.4720817927051993, 0.49593552245813255, 0.43249521273023944, 0.4706912882187787, 0.4957442914738375, 0.4455471950418809, 0.45852438754895153, 0.4812694954521516, 0.4683631097569185, 0.4745497738613802, 0.4596814679748872, 0.4586164521820405, 0.4595580767182743, 0.457808420938604], "val_acc": [0.7823585810162992, 0.7957813998082455, 0.8159156279961649, 0.8092042186001918, 0.7976989453499521, 0.8130393096836049, 0.8139980824544583, 0.7996164908916586, 0.8063279002876318, 0.8063279002876318, 0.8130393096836049, 0.8130393096836049, 0.8120805369127517, 0.8130393096836049]}, "svd":{"train_loss": [0.6160487021083263, 0.528347971501635, 0.4571724709734988, 0.4299708188914541, 0.4129567704538801, 0.3952062513623665, 0.39416377446544704, 0.38119077904900506, 0.3655650785832263, 0.3579555189431603, 0.35347992926836014, 0.3420850799154879, 0.3488714148971572, 0.3392299890740594, 0.3252237748299072, 0.3301003146082608, 0.32828832061877894, 0.318138954688364, 0.31523096094380565, 0.3102669999448221, 0.30937682514760034, 0.31036207024286044, 0.3036010879189221, 0.30081968687808336, 0.3037163721981333, 0.2959865589640034, 0.29309032757335635, 0.2896753809790113, 0.28943046527122385, 0.29504769851467505], "val_loss": [0.508255776237039, 0.4857352411045748, 0.47889328528853026, 0.5242466812624651, 0.5611670753535103, 0.5238566845655441, 0.5279490965254167, 0.49619279100614433, 0.5578129940173205, 0.5089280307292938, 0.5161119392689537, 0.5455036417526358, 0.5326974146506366, 0.5313475491369472], "val_acc": [0.7996164908916586, 0.8139980824544583, 0.8159156279961649, 0.8187919463087249, 0.8101629913710451, 0.8149568552253116, 0.8168744007670182, 0.8178331735378715, 0.8111217641418984, 0.8159156279961649, 0.8168744007670182, 0.8149568552253116, 0.8187919463087249, 0.8187919463087249]}}