{"kaiming": {"train_loss": [0.6204717639666885, 0.5663505701431587, 0.49026666381465855, 0.4478701281903395, 0.4352247243496909, 0.4231031041091947, 0.41320130740528677, 0.40111176480553046, 0.39391239554579577, 0.37794230756030156, 0.37532525187108057, 0.3722215959830071, 0.3648309376257569, 0.3547025529751137, 0.35751329873924825, 0.3488804323237334, 0.3546922967505099, 0.3389285375822836, 0.33751327166361594, 0.3325574419169284, 0.329818431454808, 0.32988263355262243, 0.32143160144784555, 0.31851262754913584, 0.32102290418610646, 0.32648719235587476, 0.32334007823200367, 0.31797896592474695, 0.31090310571798635, 0.31738521214296567], "val_loss": [0.5354290306568146, 0.49833352250211377, 0.4828253002727733, 0.5065912034581689, 0.5150351541883805, 0.5180075948729235, 0.5189398448256886, 0.5229249903384376, 0.4930675687158809, 0.5001609062447268, 0.48517323942745433, 0.5228147392763811, 0.5222962840515024, 0.5059101415031096], "val_acc": [0.7651006711409396, 0.7957813998082455, 0.8092042186001918, 0.8082454458293384, 0.8092042186001918, 0.8072866730584851, 0.8149568552253116, 0.8139980824544583, 0.8187919463087249, 0.8149568552253116, 0.8168744007670182, 0.8139980824544583, 0.8139980824544583, 0.8139980824544583]}, "svd":{"train_loss": [0.6187810951204442, 0.5309147238731384, 0.4592260442562957, 0.42811616354469045, 0.4073786071654576, 0.38960722244497553, 0.38467294444788747, 0.3730589688491465, 0.36136695108751754, 0.3503412627684536, 0.3413629356160093, 0.33446041249961994, 0.3343422814314045, 0.32641716546087124, 0.31770398100810265, 0.3191480634372626, 0.3136872079835009, 0.31053621066150383, 0.31004337810758337, 0.3014328932361816, 0.2959530491437485, 0.29620849841566227, 0.2886017981305051, 0.2852383509500703, 0.2903959553188352, 0.2825621827992041, 0.28202812851809744, 0.27770525139214386, 0.27880832858717264, 0.277927667680961], "val_loss": [0.47606967827853036, 0.45100922707249136, 0.46925340680515065, 0.5192451363100725, 0.5310464869527256, 0.5134206913849887, 0.5091943144798279, 0.4753525642787709, 0.5272505160640267, 0.4999147487037322, 0.4851660658331478, 0.5180920020622366, 0.5062472189173979, 0.5041204296490726], "val_acc": [0.800575263662512, 0.8197507190795782, 0.8216682646212847, 0.8159156279961649, 0.8120805369127517, 0.8139980824544583, 0.8187919463087249, 0.8187919463087249, 0.8187919463087249, 0.8207094918504314, 0.8207094918504314, 0.8207094918504314, 0.8216682646212847, 0.8207094918504314]}}