{"kaiming": {"train_loss": [0.6365020550898651, 0.6115709923541368, 0.6073809377293089, 0.6007351572833844, 0.5946785264940404, 0.5881785641410457, 0.5765073859869544, 0.5645152359311261, 0.5512132571259541, 0.5404040924648741, 0.5283988131516015, 0.5202631979291119, 0.5184554586659617, 0.5121169699661767, 0.5060465811793484, 0.5033978292746331, 0.4975382776847526, 0.49156539364537194, 0.499771627027597, 0.4936090207366801, 0.4943423742678628, 0.4860716631163412, 0.48842981724596735, 0.48691676312418125, 0.48908094995057405, 0.4880012320493584, 0.48106935664789, 0.48086336566441096, 0.4881211683821322, 0.4828323768590813], "val_loss": [0.6100754702792448, 0.6081526980680578, 0.604236355599235, 0.601458901868147, 0.5946154348990497, 0.5873652924509609, 0.5755792084862205, 0.5636180446428412, 0.5577229524359983, 0.5426220981513753, 0.5331014342167798, 0.5295905523440417, 0.5257180403260624, 0.5355002424296211, 0.5108576644869411, 0.5203358145321116, 0.5161775403163013, 0.515564080546884, 0.5079053780611824, 0.510875016450882, 0.5087631818126229, 0.5154489085954779, 0.5074609044720145, 0.5132665266008938, 0.5056297410936916, 0.5116684997782988, 0.506171827807146, 0.5052855347885805, 0.5055694825509015, 0.5054878119160148], "val_acc": [0.6912751677852349, 0.6912751677852349, 0.6912751677852349, 0.6912751677852349, 0.6912751677852349, 0.6912751677852349, 0.6912751677852349, 0.6922339405560882, 0.6931927133269415, 0.700862895493768, 0.716203259827421, 0.7200383509108341, 0.7219558964525408, 0.7209971236816874, 0.7363374880153404, 0.7325023969319271, 0.7372962607861937, 0.7411313518696069, 0.7459252157238735, 0.7449664429530202, 0.74784276126558, 0.7449664429530202, 0.7488015340364333, 0.74784276126558, 0.7516778523489933, 0.7488015340364333, 0.7516778523489933, 0.7526366251198466, 0.7526366251198466, 0.7526366251198466]}, "svd": {"train_loss": [0.6426321317010851, 0.6093872738863105, 0.6017533089242765, 0.588215527249806, 0.5549571907787181, 0.5203238460999816, 0.4940986671109698, 0.4843150757586778, 0.4652030307855179, 0.4620870025967484, 0.46612527677372323, 0.4563595187752994, 0.45038581717370163, 0.44648154591446493, 0.4440007233130398, 0.44485247891340685, 0.4426747278046252, 0.4380262064844815, 0.4457367567428902, 0.44060151501378014, 0.4271646006338632, 0.4298865601642808, 0.42833739296713874, 0.4311657345561839, 0.4310533731286205, 0.4310316363377358, 0.4292628627214859, 0.42980202965771974, 0.42253893013320754, 0.4272652292874322], "val_loss": [0.6098481048555935, 0.6063724651056177, 0.5966351435464972, 0.5762877253925099, 0.541376918554306, 0.5088266625123865, 0.49681978015338674, 0.48349738646956053, 0.5131378594566794, 0.48735488162321206, 0.486547564758974, 0.5022176048334908, 0.4911935031414032, 0.4815536562134238, 0.48534973053371205, 0.48585786188350005, 0.4820442217237809, 0.48159318987060995, 0.47278762214324055, 0.4694789788302253, 0.48010285461650176, 0.4788878577597001, 0.4861648819025825, 0.46555545049555164, 0.47286465764045715, 0.47640886902809143, 0.4811199973611271, 0.47712527303134694, 0.4758496757815866, 0.47609274527605844], "val_acc": [0.6912751677852349, 0.6912751677852349, 0.6912751677852349, 0.6912751677852349, 0.7037392138063279, 0.7325023969319271, 0.7535953978907, 0.7622243528283796, 0.7574304889741131, 0.7660594439117929, 0.7660594439117929, 0.7622243528283796, 0.7651006711409396, 0.7737296260786194, 0.7746883988494727, 0.775647171620326, 0.7775647171620326, 0.7785234899328859, 0.7813998082454459, 0.7842761265580057, 0.7804410354745925, 0.7823585810162992, 0.7804410354745925, 0.7833173537871524, 0.7804410354745925, 0.7804410354745925, 0.7804410354745925, 0.7804410354745925, 0.7804410354745925, 0.7804410354745925]}}