{"kaiming": {"train_loss": [0.6952385688439394, 0.6944346657166114, 0.6935329284423437, 0.6926953593889872, 0.6893078318009009, 0.6907015886062231, 0.6904896421310229, 0.6896107517755948, 0.6908401541220837, 0.6900820548717792, 0.688371601777199, 0.6917754457547114, 0.688102275897295, 0.6892273426055908, 0.6879023175973159, 0.6861430177321801, 0.687669419325315, 0.685344703686543, 0.685987073641557, 0.682884462368794, 0.6842786364066296, 0.6843553949625064, 0.6847552611277654, 0.6849426749425057, 0.6835525402655969, 0.6840199109835502, 0.6833791045042185, 0.6811878451934228, 0.6843496454067719, 0.6830343588804587], "val_loss": [0.6920580625534057, 0.6914636492729187, 0.6950017094612122, 0.692646610736847, 0.6898861289024353, 0.6930441856384277, 0.691651451587677, 0.6924391746520996, 0.693200159072876, 0.6906698226928711, 0.6895867228507996, 0.6884109139442444, 0.6896249890327454, 0.6907526969909668, 0.6903692245483398, 0.6912559628486633, 0.6896171808242798, 0.6899340867996215, 0.6889208555221558, 0.6887056112289429, 0.6893554091453552, 0.6889337658882141, 0.6883460640907287, 0.6884094119071961, 0.6881164908409119, 0.6880209088325501, 0.6884917259216309, 0.6882142186164856, 0.6885243415832519, 0.6885928273200989], "val_acc": [0.5270758122743683, 0.5270758122743683, 0.4729241877256318, 0.5270758122743683, 0.5270758122743683, 0.5234657039711191, 0.5415162454873647, 0.5342960288808665, 0.5126353790613718, 0.5703971119133574, 0.5703971119133574, 0.5270758122743683, 0.5631768953068592, 0.5631768953068592, 0.5523465703971119, 0.5379061371841155, 0.5595667870036101, 0.5487364620938628, 0.5415162454873647, 0.555956678700361, 0.5451263537906137, 0.5270758122743683, 0.5523465703971119, 0.5523465703971119, 0.5523465703971119, 0.555956678700361, 0.5342960288808665, 0.555956678700361, 0.5306859205776173, 0.5415162454873647]}, "svd": {"train_loss": [0.6929828784404657, 0.6942676122371967, 0.6942070692013471, 0.6923810427005475, 0.6939909687409034, 0.6901993659826425, 0.6937530346405811, 0.6908954152694116, 0.6903188473139054, 0.6904113705341632, 0.6885347565015157, 0.6885380133604392, 0.6871194350413787, 0.6862048384470817, 0.6826729208995135, 0.6835690645071176, 0.6813899813554226, 0.6803534917342358, 0.6819345400883601, 0.6782685044484261, 0.6765337723952073, 0.6776948494788928, 0.6726299677139673, 0.6720163959723252, 0.6714962736154214, 0.6705713134545547, 0.6700533322798901, 0.6683816818090585, 0.670327331775274, 0.6689469095988151], "val_loss": [0.6945545434951782, 0.6919425368309021, 0.6912793278694153, 0.6914703845977783, 0.6925716757774353, 0.6905333876609803, 0.6906968832015992, 0.6907939553260803, 0.6892595410346984, 0.6883472323417663, 0.6895390152931213, 0.6911235928535462, 0.6867546439170837, 0.6901268124580383, 0.6850639939308166, 0.6852646231651306, 0.6837811231613159, 0.6840733408927917, 0.683885931968689, 0.6830989003181458, 0.679625129699707, 0.6802536368370056, 0.6780239939689636, 0.6772795438766479, 0.6767559051513672, 0.6763225197792053, 0.6754563331604004, 0.6750752210617066, 0.6748427867889404, 0.6748691439628601], "val_acc": [0.4729241877256318, 0.5270758122743683, 0.5270758122743683, 0.5523465703971119, 0.5342960288808665, 0.5379061371841155, 0.5631768953068592, 0.5703971119133574, 0.5848375451263538, 0.5631768953068592, 0.5703971119133574, 0.5451263537906137, 0.5812274368231047, 0.5451263537906137, 0.5776173285198556, 0.5848375451263538, 0.5956678700361011, 0.592057761732852, 0.5703971119133574, 0.5631768953068592, 0.6245487364620939, 0.592057761732852, 0.628158844765343, 0.628158844765343, 0.6173285198555957, 0.6173285198555957, 0.6245487364620939, 0.6245487364620939, 0.6245487364620939, 0.628158844765343]}}