{"kaiming": {"train_loss": [0.6948079527952732, 0.6966344912846884, 0.692547124165755, 0.6887583809021192, 0.686244024680211, 0.6773766584885426, 0.6681557679787661, 0.6539837565177526, 0.6443439492812524, 0.6318530440330505, 0.6257806450892718, 0.6133493704673572, 0.6079451609880496, 0.6091834459549341, 0.6125846230066739, 0.5995061023113055, 0.5943475610170609, 0.591879509962522, 0.5824156938455044, 0.5851733615765204, 0.5681494413278042, 0.575014020387943, 0.5827832030944335, 0.5742491330855932, 0.5703439284593631, 0.5629977369919802, 0.5649271767873031, 0.5693346399527329, 0.5676596821882786, 0.5631437454468164], "val_loss": [0.6906281352043152, 0.6892078638076782, 0.6876333355903625, 0.6864097595214844, 0.6837223172187805, 0.6841111540794372, 0.6686631917953492, 0.6554196357727051, 0.6469003319740295, 0.6372240304946899, 0.631572711467743, 0.6273792743682861, 0.6206053137779236, 0.6172804355621337, 0.619454300403595, 0.6206191778182983, 0.6167978644371033, 0.6127633810043335, 0.6120354175567627, 0.6130169868469239, 0.6122770547866822, 0.614253580570221, 0.607720798254013, 0.6095660209655762, 0.6181262731552124, 0.608181220293045, 0.6061634480953216, 0.6066270709037781, 0.6066753327846527, 0.6046142101287841], "val_acc": [0.5270758122743683, 0.5270758122743683, 0.5270758122743683, 0.5992779783393501, 0.5740072202166066, 0.5667870036101083, 0.5812274368231047, 0.6353790613718412, 0.6137184115523465, 0.6425992779783394, 0.6498194945848376, 0.6462093862815884, 0.6678700361010831, 0.6606498194945848, 0.6606498194945848, 0.6425992779783394, 0.6425992779783394, 0.6389891696750902, 0.6462093862815884, 0.6425992779783394, 0.6606498194945848, 0.6498194945848376, 0.6389891696750902, 0.6462093862815884, 0.6462093862815884, 0.6534296028880866, 0.6462093862815884, 0.6498194945848376, 0.6498194945848376, 0.6425992779783394]}, "svd": {"train_loss": [0.6963836978643368, 0.6956115961074829, 0.6921428503134311, 0.6742753707445585, 0.6441425681114197, 0.6046627576534565, 0.58281321479724, 0.5505178005267413, 0.5347509323022305, 0.5301962464283674, 0.503264348476361, 0.4810954599808424, 0.4641653498013814, 0.4923958610265683, 0.46197797778325206, 0.4441389708946913, 0.43081568219722843, 0.41495762803615666, 0.41558697208380085, 0.40895125422722256, 0.4018401847435878, 0.3981918440415309, 0.3859448532263438, 0.3988543527248578, 0.39173659911522496, 0.38059758070187694, 0.3700338980326286, 0.37883487267371935, 0.37657296925018996, 0.38455532376582807], "val_loss": [0.701229202747345, 0.6886457920074462, 0.6820433855056762, 0.6575200438499451, 0.6137584447860718, 0.5833503901958466, 0.5689541339874268, 0.595487403869629, 0.5693499088287354, 0.5692437827587128, 0.5738494694232941, 0.5816875159740448, 0.5979194641113281, 0.5840418100357055, 0.5602250397205353, 0.567659717798233, 0.59090735912323, 0.5800483047962188, 0.6151671886444092, 0.644609135389328, 0.5795019268989563, 0.609647786617279, 0.6231091380119324, 0.5895190417766571, 0.5870448887348175, 0.5920385837554931, 0.6406563997268677, 0.6199875354766846, 0.607704359292984, 0.6115654766559601], "val_acc": [0.4729241877256318, 0.5270758122743683, 0.5740072202166066, 0.5956678700361011, 0.628158844765343, 0.6859205776173285, 0.6895306859205776, 0.6714801444043321, 0.7003610108303249, 0.6895306859205776, 0.6823104693140795, 0.6787003610108303, 0.6678700361010831, 0.6967509025270758, 0.6895306859205776, 0.7111913357400722, 0.6895306859205776, 0.6859205776173285, 0.6859205776173285, 0.6931407942238267, 0.7075812274368231, 0.7111913357400722, 0.7111913357400722, 0.6967509025270758, 0.7075812274368231, 0.6931407942238267, 0.7075812274368231, 0.7111913357400722, 0.7003610108303249, 0.7075812274368231]}}