{"kaiming": {"train_loss": [0.7019186096313672, 0.6954368780820798, 0.6952515611281762, 0.6925603915483524, 0.6933538073148483, 0.6922254929175744, 0.6914613399750147, 0.6932044059802325, 0.6907732303325946, 0.690498853341127, 0.6900766170941867, 0.6895997845209562, 0.6891051225173168, 0.6892505074158694, 0.6877188621423184, 0.6875020724076492, 0.687622953683902, 0.6870093819422599, 0.686064003369747, 0.6853624979654948, 0.685317187737196, 0.6842262760186807, 0.6857607670319386, 0.6836185241356875, 0.6854271644201034, 0.6855621826954377, 0.6848672399154077, 0.6833389814083393, 0.6825123505714612, 0.683566845380343], "val_loss": [0.691000247001648, 0.691585373878479, 0.6917536377906799, 0.6927770733833313, 0.6923726558685303, 0.6919191598892211, 0.6892269730567933, 0.6894995093345642, 0.689873456954956, 0.6891762018203735, 0.6900103330612183, 0.6897086381912232, 0.687628972530365, 0.6891160130500793, 0.6888201236724854, 0.6880999326705932, 0.6879519820213318, 0.6872239351272583, 0.6878475904464721, 0.6879164338111877, 0.6870925784111023, 0.686751413345337, 0.6865813732147217, 0.6877263903617858, 0.6864706993103027, 0.6864454030990601, 0.6871266007423401, 0.6871641993522644, 0.6870823383331299, 0.6869093656539917], "val_acc": [0.5270758122743683, 0.5270758122743683, 0.5812274368231047, 0.48375451263537905, 0.48736462093862815, 0.5342960288808665, 0.5270758122743683, 0.5703971119133574, 0.5740072202166066, 0.5776173285198556, 0.5667870036101083, 0.5740072202166066, 0.5595667870036101, 0.5703971119133574, 0.5703971119133574, 0.5812274368231047, 0.5776173285198556, 0.5848375451263538, 0.5812274368231047, 0.5776173285198556, 0.5740072202166066, 0.592057761732852, 0.592057761732852, 0.5631768953068592, 0.5956678700361011, 0.5848375451263538, 0.5740072202166066, 0.5703971119133574, 0.5703971119133574, 0.5667870036101083]}, "svd": {"train_loss": [0.6955111592243879, 0.6956252593260545, 0.6941312047151419, 0.6951854947285775, 0.6917198132245969, 0.6959523222385309, 0.6910258118922894, 0.6907562261972672, 0.6908694734940162, 0.6878619759510725, 0.6883054268665802, 0.687543103328118, 0.6871884526350559, 0.6834877851681832, 0.6843870007074796, 0.6828111272591811, 0.6804976631433536, 0.680705726146698, 0.6788974587733929, 0.6748739297573383, 0.6750227686686393, 0.674038902307168, 0.6727655606392102, 0.6692980527877808, 0.6670331374192849, 0.665128611601316, 0.6699181000391642, 0.6633513906063178, 0.6627137477581317, 0.6602479968315516], "val_loss": [0.6926916003227234, 0.6917399048805237, 0.693868899345398, 0.6935609817504883, 0.692448091506958, 0.6937399983406067, 0.693189799785614, 0.6890469670295716, 0.6886163592338562, 0.6878414630889893, 0.6880358338356019, 0.6911581158638, 0.688769257068634, 0.6849826335906982, 0.6884306192398071, 0.6853487372398377, 0.6856385827064514, 0.6820971488952636, 0.6814172625541687, 0.6779522895812988, 0.6774813413619996, 0.6762649655342102, 0.6741781592369079, 0.6743340373039246, 0.6720454216003418, 0.6715625047683715, 0.6704858541488647, 0.6702262997627259, 0.6697347640991211, 0.6696349501609802], "val_acc": [0.5415162454873647, 0.5306859205776173, 0.48014440433212996, 0.48375451263537905, 0.5451263537906137, 0.4729241877256318, 0.48736462093862815, 0.5379061371841155, 0.5415162454873647, 0.5415162454873647, 0.5703971119133574, 0.5415162454873647, 0.555956678700361, 0.5451263537906137, 0.5631768953068592, 0.5956678700361011, 0.5595667870036101, 0.6245487364620939, 0.5992779783393501, 0.5848375451263538, 0.6173285198555957, 0.6137184115523465, 0.6173285198555957, 0.6137184115523465, 0.6173285198555957, 0.628158844765343, 0.6101083032490975, 0.628158844765343, 0.6101083032490975, 0.6101083032490975]}}