{"kaiming": {"train_loss": [0.6958222205822284, 0.6951088966467441, 0.6950631523743654, 0.6937253964252961, 0.6947908997535706, 0.6950116585462521, 0.6953256955513587, 0.6914330354103675, 0.6912608513465295, 0.6896793658916767, 0.6894213052896353, 0.6901868795737242, 0.6885754527189792, 0.6892446493491148, 0.6867124896783096, 0.6877079453223791, 0.6877665641980294, 0.6866170320755396, 0.6862308123172858, 0.6888779325362964, 0.6856903800597558, 0.6867462197939554, 0.6853584494346228, 0.6842415393927158, 0.6849471238943247, 0.6880107598427014, 0.6851201943862133, 0.6845942857937936, 0.6838080913592608, 0.6849898604246286], "val_loss": [0.6918527126312256, 0.6935843706130982, 0.6923670887947082, 0.6931131720542908, 0.6902824401855469, 0.6898368716239929, 0.6898638844490051, 0.6897308349609375, 0.6917100548744202, 0.6900874853134156, 0.690911328792572, 0.690710985660553, 0.6895869493484497, 0.6912424445152283, 0.6903747677803039, 0.6886741399765015, 0.6908218145370484, 0.6889059662818908, 0.6890153646469116, 0.6886497616767884, 0.6890665292739868, 0.68944411277771, 0.6885873556137085, 0.6889351367950439, 0.6877183437347412, 0.6879985332489014, 0.6882959008216858, 0.6883833527565002, 0.688385808467865, 0.6883213639259338], "val_acc": [0.5270758122743683, 0.48736462093862815, 0.51985559566787, 0.5090252707581228, 0.5270758122743683, 0.5270758122743683, 0.5270758122743683, 0.5270758122743683, 0.5595667870036101, 0.5740072202166066, 0.5595667870036101, 0.5631768953068592, 0.5776173285198556, 0.5379061371841155, 0.5703971119133574, 0.5848375451263538, 0.5487364620938628, 0.5667870036101083, 0.5740072202166066, 0.5703971119133574, 0.5776173285198556, 0.5740072202166066, 0.555956678700361, 0.5776173285198556, 0.5848375451263538, 0.5776173285198556, 0.5595667870036101, 0.555956678700361, 0.5631768953068592, 0.5631768953068592]}, "svd": {"train_loss": [0.6940003954447233, 0.6937451163927714, 0.6954555221093006, 0.6927246115146539, 0.6945732465157142, 0.6945974398881961, 0.6918221574563247, 0.6896980832784604, 0.6874928398010058, 0.6881637023045466, 0.6856732888099475, 0.6845834728999015, 0.6829290053783319, 0.680347720781962, 0.6775562472832508, 0.6768646362500313, 0.6730563029264792, 0.6694259123924451, 0.6672450655545944, 0.6662004024554522, 0.6641723437186999, 0.6631595843877548, 0.6599764732214121, 0.6604127333714411, 0.6587973756667895, 0.6558400453665317, 0.6590271867238559, 0.6590125362078348, 0.6595476835201948, 0.6561092489804977], "val_loss": [0.6921700239181519, 0.6931121468544006, 0.6963086724281311, 0.6927378535270691, 0.6912486553192139, 0.690162181854248, 0.6926834344863891, 0.6900764346122742, 0.6893220901489258, 0.6868339538574219, 0.6863661050796509, 0.6885187864303589, 0.6823118686676025, 0.6797428727149963, 0.6774669885635376, 0.6740028858184814, 0.6733295798301697, 0.6681340098381042, 0.6647361993789673, 0.662932276725769, 0.6605049848556519, 0.6559617042541503, 0.654449713230133, 0.6528151154518127, 0.6515957951545716, 0.6500561356544494, 0.6493236780166626, 0.648741888999939, 0.6482535004615784, 0.6481055617332458], "val_acc": [0.5270758122743683, 0.5342960288808665, 0.4729241877256318, 0.5342960288808665, 0.5631768953068592, 0.5234657039711191, 0.48014440433212996, 0.5523465703971119, 0.5667870036101083, 0.5667870036101083, 0.5884476534296029, 0.51985559566787, 0.5776173285198556, 0.592057761732852, 0.6101083032490975, 0.6209386281588448, 0.628158844765343, 0.6137184115523465, 0.6173285198555957, 0.631768953068592, 0.6064981949458483, 0.628158844765343, 0.6137184115523465, 0.6209386281588448, 0.6137184115523465, 0.6137184115523465, 0.6173285198555957, 0.6173285198555957, 0.6209386281588448, 0.6209386281588448]}}