{"kaiming": {"train_loss": [0.6957797515086639, 0.6941132239806347, 0.6953711158190018, 0.6937585045129825, 0.6928830467737638, 0.6951061777579479, 0.6927754389934051, 0.6913825411062974, 0.6908974143174978, 0.6928841716203934, 0.6907498591985458, 0.687193112495618, 0.6895222877844785, 0.6885990393467438, 0.6867648164431254, 0.6881875487474295, 0.6877427024719043, 0.6858827104935279, 0.6857916086147993, 0.6856163174678118, 0.6864568896782703, 0.6837276006356264, 0.6855930258066226, 0.6866776683391669, 0.6846908009969271, 0.6848262991660681, 0.6820079164627271, 0.6844262679417928, 0.684149599992312, 0.6830817323464614], "val_loss": [0.695002019405365, 0.6904506802558898, 0.6928460717201232, 0.6908471822738648, 0.6894935607910156, 0.6895820379257203, 0.6906195878982544, 0.6901851534843445, 0.6914307117462158, 0.6931156754493714, 0.6900295615196228, 0.689474904537201, 0.6882552742958069, 0.6913874506950378, 0.6897078037261963, 0.6883575677871704, 0.6889257788658142, 0.6883166074752808, 0.6886287927627563, 0.6875542521476745, 0.6880914330482483, 0.686513352394104, 0.687548041343689, 0.6870941877365112, 0.6875410556793213, 0.6870241045951844, 0.6874496936798096, 0.687524962425232, 0.6872706532478332, 0.6871159553527832], "val_acc": [0.4729241877256318, 0.5270758122743683, 0.5306859205776173, 0.5234657039711191, 0.5270758122743683, 0.5270758122743683, 0.5631768953068592, 0.5703971119133574, 0.555956678700361, 0.49097472924187724, 0.5848375451263538, 0.5848375451263538, 0.555956678700361, 0.5451263537906137, 0.555956678700361, 0.5848375451263538, 0.5379061371841155, 0.5956678700361011, 0.5487364620938628, 0.5956678700361011, 0.5451263537906137, 0.5595667870036101, 0.5703971119133574, 0.5956678700361011, 0.5415162454873647, 0.5956678700361011, 0.5487364620938628, 0.5487364620938628, 0.5487364620938628, 0.5631768953068592]}, "svd": {"train_loss": [0.6965199938187232, 0.6955948869387308, 0.6955022383958865, 0.6967012118070554, 0.6930624338296744, 0.6903105851931449, 0.6920582927190341, 0.6904260286918054, 0.6905302283091422, 0.6894676303252195, 0.6876927675345005, 0.6882071831287482, 0.688356726597517, 0.6864014588869535, 0.6864898923115853, 0.6831961870193481, 0.681444722872514, 0.6804926181450869, 0.6812256941428552, 0.6785718645804968, 0.676017185052236, 0.6761899651625217, 0.6741506931109306, 0.6731204956005781, 0.6689949050927774, 0.6710626681645712, 0.6724091630715591, 0.6686748480185484, 0.6701565140332931, 0.6672041324468759], "val_loss": [0.6930834770202636, 0.6941754698753357, 0.6917612552642822, 0.6941580891609191, 0.6906219363212586, 0.6913880944252014, 0.6908626437187195, 0.690750002861023, 0.6905669927597046, 0.6885789632797241, 0.6877499580383301, 0.6867434501647949, 0.6904283404350281, 0.685142457485199, 0.6850871920585633, 0.686132276058197, 0.683355188369751, 0.683378005027771, 0.6822523593902587, 0.6817831754684448, 0.6815025448799134, 0.6796202421188354, 0.6781192421913147, 0.6775485634803772, 0.6761033415794373, 0.6759405493736267, 0.6743704080581665, 0.6742419719696044, 0.6739414095878601, 0.6738840579986572], "val_acc": [0.5270758122743683, 0.4729241877256318, 0.5703971119133574, 0.4729241877256318, 0.5415162454873647, 0.5631768953068592, 0.5884476534296029, 0.5703971119133574, 0.5270758122743683, 0.5812274368231047, 0.5956678700361011, 0.5703971119133574, 0.5595667870036101, 0.5379061371841155, 0.5848375451263538, 0.5523465703971119, 0.5884476534296029, 0.5992779783393501, 0.592057761732852, 0.5848375451263538, 0.5667870036101083, 0.5776173285198556, 0.5884476534296029, 0.5812274368231047, 0.5812274368231047, 0.5884476534296029, 0.592057761732852, 0.5776173285198556, 0.5848375451263538, 0.5848375451263538]}}