{"kaiming": {"train_loss": [0.6948589315781226, 0.6948639108584478, 0.6946384815069345, 0.6917001925981962, 0.691953535263355, 0.6921526377017682, 0.692513094498561, 0.6897385150958331, 0.6883660233937777, 0.6899239359757839, 0.6875879963239034, 0.6861201937382038, 0.6843656026400052, 0.6852174187317873, 0.6844825652929453, 0.6835384750977541, 0.68371553451587, 0.6844089810664837, 0.6818926349664346, 0.6826151792819684, 0.6807303061852088, 0.67883473329055, 0.676810302795508, 0.6792615636801108, 0.6773981238022829, 0.6783419358424652, 0.6770420976174183, 0.679000626771878, 0.6805497652445084, 0.6751229946429913], "val_loss": [0.6948983311653137, 0.6912888765335083, 0.6945226192474365, 0.6909262299537658, 0.6902260065078736, 0.6914969444274902, 0.6928250312805175, 0.6907912969589234, 0.6910313844680787, 0.6901542186737061, 0.6871331453323364, 0.6911344051361084, 0.6881007194519043, 0.686596691608429, 0.6901450753211975, 0.6868700385093689, 0.6864237546920776, 0.6853216171264649, 0.6862376928329468, 0.684558093547821, 0.685368812084198, 0.6845233559608459, 0.6845399737358093, 0.6839545249938965, 0.6840010285377502, 0.6844582557678223, 0.6840391635894776, 0.6837743401527405, 0.6837749719619751, 0.6838581085205078], "val_acc": [0.4729241877256318, 0.5306859205776173, 0.4729241877256318, 0.5812274368231047, 0.5631768953068592, 0.5451263537906137, 0.49458483754512633, 0.5667870036101083, 0.5415162454873647, 0.5631768953068592, 0.5703971119133574, 0.516245487364621, 0.5740072202166066, 0.5740072202166066, 0.5487364620938628, 0.5703971119133574, 0.5776173285198556, 0.5667870036101083, 0.5776173285198556, 0.5776173285198556, 0.5631768953068592, 0.5595667870036101, 0.555956678700361, 0.5595667870036101, 0.5595667870036101, 0.5595667870036101, 0.5631768953068592, 0.5595667870036101, 0.5631768953068592, 0.555956678700361]}, "svd": {"train_loss": [0.6951533219753168, 0.693167065962767, 0.6946711203990839, 0.6934770391537592, 0.693098708605155, 0.6924495651171758, 0.689179172882667, 0.6901768155587025, 0.6883884836465884, 0.6848461964191535, 0.6846725573906531, 0.6837939268503433, 0.6783415461197878, 0.6758889861595936, 0.6692137534801776, 0.6689310547633048, 0.6622001070242661, 0.6577102480790554, 0.6554208871645805, 0.6522804284707094, 0.6462486111200773, 0.6424680825991508, 0.641042058284466, 0.6362835810734675, 0.6383435680316045, 0.6316369940073062, 0.6322846412658691, 0.6327032339878571, 0.62942146949279, 0.6294559286190913], "val_loss": [0.6912880182266236, 0.6934905886650086, 0.6952553153038025, 0.6903110146522522, 0.6900660872459412, 0.6896568775177002, 0.688504421710968, 0.6880197525024414, 0.6890070557594299, 0.6850470304489136, 0.6839935541152954, 0.6812209606170654, 0.6796485543251037, 0.6771010041236878, 0.6734381794929505, 0.6751097679138184, 0.6649421930313111, 0.6589530825614929, 0.6534973382949829, 0.651609480381012, 0.6447681784629822, 0.6405827879905701, 0.637846314907074, 0.6350043177604675, 0.6326612234115601, 0.6313149571418762, 0.6295389533042908, 0.62868230342865, 0.6281038880348205, 0.6279532432556152], "val_acc": [0.5270758122743683, 0.4620938628158845, 0.4729241877256318, 0.5270758122743683, 0.5451263537906137, 0.5740072202166066, 0.5306859205776173, 0.5884476534296029, 0.5776173285198556, 0.5523465703971119, 0.6173285198555957, 0.5740072202166066, 0.6209386281588448, 0.6101083032490975, 0.6137184115523465, 0.5992779783393501, 0.5992779783393501, 0.6137184115523465, 0.6245487364620939, 0.6245487364620939, 0.631768953068592, 0.6389891696750902, 0.6498194945848376, 0.6389891696750902, 0.6389891696750902, 0.6462093862815884, 0.6389891696750902, 0.6353790613718412, 0.631768953068592, 0.631768953068592]}}